nom,sku,code_barres,unite,prix_achat,prix_vente,stock_min,stock_entrant,description,actif,categorie,marque
Scooter MIO UBRIDE 2026,,,pce,,1050000,,10,"<p>Le Scooter MIO UBRIDE 2026 est un scooter urbain moderne, compact et économique, conçu pour offrir une conduite confortable et une excellente maniabilité dans les déplacements quotidiens.</p>",1,Moteur et Moto,
Honda Air Blade 160 2026,,,pce,,1600000,,10,"<p>Le Honda Air Blade 160 2026 est un scooter sportif haut de gamme alliant puissance, élégance et confort. Son moteur 160 cc performant et son design moderne en font un excellent choix pour les déplacements urbains et périurbains.</p>",1,Moteur et Moto,HONDA
Cache tête de fourche / Carénage avant moto F150,,,pce,,8000,,10,"<p>Carénage avant design sport pour moto F150, finition noir mat et noir brillant, protection et style agressif.</p>",1,Accesssoires,SR
Compteur digital multifonction LED avec indicateur de rapport,,,pce,,50000,,10,"<p>ableau de bord numérique complet avec affichage mph/km/h, compte-tours, jauge carburant, température et indicateur de vitesse engagée.</p>",1,Compteurs,SR
Compteur digital LCD multifonction pour moto,,,pce,,50000,,10,"<p>Tableau de bord numérique haute précision avec affichage vitesse, régime moteur, jauge carburant et indicateur de rapport engagé.</p>",1,Compteurs,Yamaha
Arbre à Cames 115 SR Motorcycle,,,pce,,7000,,10,"<p>Arbre à cames pour moteur 115cc, synchronisation précise et performance stable.</p>",1,Moteur et Moto,SR
Arbre à Cames Honda Air Blade SR Motorcycle,,,pce,,13000,,10,"<p>Arbre à cames pour Honda Air Blade, synchronisation précise et performance moteur optimisée.</p>",1,Moteur et Moto,SR
Arbre à Cames 135 SR Motorcycle,,,pce,,8000,,10,"<p>Arbre à cames pour moteur 135cc, synchronisation précise et performance fiable.</p>",1,Moteur et Moto,SR
Arbre à Cames 155 SR Motorcycle,,,pce,,12000,,10,"<p>Arbre à cames pour moteur 155cc, synchronisation précise et performance optimisée.</p>",1,Moteur et Moto,SR
Arbre à Cames Yamaha Mio SR Motorcycle,,,pce,,12000,,10,"<p>Arbre à cames pour Yamaha Mio, synchronisation précise et performance moteur optimisée.</p>",1,Moteur et Moto,SR
Rampe de Culbuteur Moto 115 SR Motorcycle,,,pce,,5000,,10,"<p>Rampe de culbuteur pour moto 115cc, précision et fiabilité moteur.</p>",1,Moteur et Moto,SR
Rampe de Culbuteur Scooter 155 SR Motorcycle,,,pce,,8000,,10,"<p>Rampe de culbuteur pour scooter 155cc, transmission précise et performance fiable.</p>",1,Moteur et Moto,SR
Rampe de Culbuteur Moto 135 SR Motorcycle,,,pce,,6000,,10,"<p>Rampe de culbuteur pour moto 135cc, transmission précise et fiabilité moteur.</p>",1,Moteur et Moto,SR
Rampe de Culbuteur Yamaha Exciter 155 SR Motorcycle,,,pce,,9000,,10,"<p>Rampe de culbuteur pour Yamaha Exciter 155, transmission précise et performance moteur optimisée.</p>",1,Moteur et Moto,SR
Rampe de Culbuteur Honda Air Blade SR Motorcycle,,,pce,,8000,,10,"<p>Rampe de culbuteur pour Honda Air Blade, précision et performance moteur optimales.</p>",1,Moteur et Moto,SR
Rampe de Culbuteur Honda Winner SR Motorcycle,,,pce,,8000,,10,"<p>Rampe de culbuteur (cam rocker arm) pour Honda Winner, précision et performance moteur optimales.</p>",1,Moteur et Moto,SR
Jante Moto Sport Noir Rouge,,,pce,,45000,,10,"<p>Jante moto sport en alliage, finition noire avec liseré rouge, résistante et élégante.</p>",1,Pneus &amp; Roues,SR
Démarreur Honda 110 SR Motorcycle,,,pce,,10000,,10,"<p>Démarreur électrique fiable pour Honda 110, démarrage rapide et efficace.</p>",1,Electrique,SR
Démarreur Yamaha Mio SR Motorcycle,,,pce,,9000,,10,"<p>Démarreur électrique fiable compatible Yamaha Mio, démarrage rapide et performant.</p>",1,Electrique,SR
Démarreur Moto RC SR Motorcycle,,,pce,,10000,,10,"<p>Démarreur électrique haute performance pour moto RC, démarrage puissant et stable.</p>",1,Electrique,SR
Démarreur Moto Winner SR Motorcycle,,,pce,,11000,,10,"<p>Démarreur électrique performant compatible Honda Winner, démarrage rapide et fiable.</p>",1,Electrique,SR
Démarreur Moto 150 SR Motorcycle,,,pce,,7500,,10,"<p>Démarreur électrique puissant pour moto 150cc, performance fiable et durable.</p>",1,Electrique,SR
Démarreur Moto 135 SR Motorcycle,,,pce,,7500,,10,"<p>Démarreur électrique robuste pour moto 135cc, démarrage rapide et efficace.</p>",1,Electrique,SR
Démarreur Yamaha Sirius SR Motorcycle,,,pce,,7500,,10,"<p>Démarreur électrique haute performance compatible Yamaha Sirius, démarrage rapide et fiable.</p>",1,Electrique,SR
Piston LC 135 (STD),,,pce,,8000,,10,<p>Piston standard pour Yamaha LC 135. Idéal pour restauration moteur.</p>,1,Moteur et Moto,SR
Piston 115 Finn (STD),,,pce,,8000,,10,<p>Piston standard pour Yamaha 115 Finn. Idéal pour remise à neuf du moteur.</p>,1,Moteur et Moto,SR
Piston Scooter Mio 125 (STD),,,pce,,8000,,10,<p>Piston standard pour scooter Mio 125. Idéal pour remplacement moteur d’origine.</p>,1,Moteur et Moto,SR
Piston STD Honda Winner,,,pce,,8000,,10,<p>Piston standard (STD) pour Honda Winner. Remplacement fiable pour moteur d’origine.</p>,1,Moteur et Moto,SR
Kit Piston Complet Aerox 155,,,pce,,8000,,10,<p>Kit piston complet pour Yamaha Aerox 155. Performance fiable et compression optimale.</p>,1,Moteur et Moto,SR
Ventilateur de Refroidissement Moto F150 (Ventilo F150),,,pce,,15000,,10,<p>Ventilateur électrique compatible F150. Refroidissement rapide et efficace du moteur.</p>,1,Refroidissement,SR
Ventilateur de Refroidissement Moto Winner (Ventilo Winner),,,pce,,15000,,10,<p>Ventilateur électrique compatible moto Winner. Refroidissement efficace et stable du moteur.</p>,1,Refroidissement,SR
Ventilateur de Refroidissement Moto 150cc (Ventilo 150),,,pce,,15000,,10,<p>Ventilateur électrique pour moto 150cc. Permet un refroidissement rapide et efficace du moteur.</p>,1,Refroidissement,SR
Ventilateur de Refroidissement Moto 150cc (Ventilo 150),,,pce,,15000,,10,<p>Ventilateur électrique pour moto 150cc. Permet un refroidissement rapide et efficace du moteur.</p>,1,Refroidissement,SR
Ventilateur de Refroidissement Moto 135cc (Ventilo 135),,,pce,,12000,,10,<p>Ventilateur électrique pour moto 135cc. Assure un refroidissement efficace du moteur et évite la surchauffe.</p>,1,Refroidissement,SR
"Batterie Moto SR GTZ5S – Sealed MF 12V (Tous modèles 135, Winner, Aerox 155)",,,pce,,8000,,10,"<p>Batterie moto 12V sans entretien (Sealed MF) compatible 135, Winner et Aerox 155. Démarrage puissant, longue durée de vie et performance fiable au Burkina Faso.</p>",1,Electrique,SR
Embrayage Complet 150 King – SR Motorcycle,,,pce,,17500,,10,"<p>Embrayage complet pour moto 150 King, conçu pour une transmission puissante, une excellente accroche et une durabilité renforcée.</p>",1,Embrayage,SR
Embrayage Complet 135i – SR Motorcycle,,,pce,,17500,,10,"<p>Embrayage complet pour Yamaha 135i, conçu pour une transmission puissante, un démarrage réactif et une grande résistance à l’usure.</p>",1,Embrayage,SR
Embrayage Complet 115 Finn – SR Motorcycle,,,pce,,15000,,10,"<p>Embrayage complet pour Yamaha 115 Finn, conçu pour une transmission efficace, un démarrage puissant et une excellente durabilité.</p>",1,Embrayage,SR
Embrayage Complet Sirius Nano – SR Motorcycle,,,pce,,12000,,10,"<p>Ensemble d’embrayage complet pour Yamaha Sirius Nano, conçu pour une transmission fluide, un démarrage puissant et une excellente résistance à l’usure.</p>",1,Embrayage,SR
Kit Ampoule LED Moto avec Driver Externe – SR Motorcycle,,,pce,,6000,,10,"<p>Kit ampoule LED haute puissance avec module driver externe intégré, conçu pour offrir un éclairage intense, stable et durable pour motos et scooters.</p>",1,Eclairage,SR
Ampoule LED Moto H4 / HS1 – SR Motorcycle,,,pce,,2500,,10,"<p>Ampoule LED puissante pour phare moto H4 / HS1, offrant un éclairage blanc intense, une meilleure visibilité nocturne et une faible consommation d’énergie.</p>",1,Eclairage,SR
mpoule LED phare moto haute performance – SR Motorcycle,,,pce,,2000,,10,"<p>Ampoule LED puissante pour phare moto, offrant une lumière blanche intense, une meilleure visibilité nocturne et une longue durée de vie.</p>",1,Eclairage,SR
Ampoule LED phare moto – SR Motorcycle Headlamp,,,pce,,2000,,10,"<p>Ampoule LED haute luminosité pour phare moto, offrant un éclairage puissant, stable et économique.</p>",1,Eclairage,SR
Contacteur à clé complet (Neiman) moto – SR Motorcycle,,,pce,,8000,,10,"<p>Contacteur à clé complet avec barillet et jeu de clés, destiné au remplacement du système d’allumage moto.</p>",1,Electrique,SR
Contacteur à clé complet (Neiman) moto – SR Motorcycle,,,pce,,9000,,10,"<p>Contacteur à clé complet avec barillet et jeu de clés, destiné au remplacement du système d’allumage moto.</p>",1,Electrique,SR
Amortisseur arrière Honda Blade (paire),,,pce,,12000,,10,"<p>Paire d’amortisseurs arrière compatible Honda Blade, conçue pour améliorer la stabilité, le confort et la tenue de route.</p>",1,Suspension,SR
Amortisseur arrière Sirius (paire),,,pce,,10000,,10,"<p>Paire d’amortisseurs arrière compatible Yamaha Sirius, conçue pour améliorer le confort, la stabilité et la tenue de route au quotidien.</p>",1,Suspension,SR
Amortisseur arrière 115 Sirius (paire),,,pce,,9000,,10,"<p>Paire d’amortisseurs arrière compatible Yamaha Sirius 115, conçue pour améliorer la stabilité, le confort et la tenue de route sur tous types de routes.</p>",1,Suspension,SR
Amortisseur arrière Honda Winner,,,pce,,16000,,10,"<p>Amortisseur arrière compatible Honda Winner, conçu pour offrir une excellente stabilité, une absorption optimale des chocs et une conduite plus confortable au quotidien.</p>",1,Suspension,SR
Amortisseur arrière 135,,,pce,,12000,,10,"<p>Amortisseur arrière 135 renforcé, conçu pour offrir une excellente absorption des chocs et améliorer la stabilité de votre moto sur routes urbaines et pistes dégradées.</p>",1,Suspension,SR
Amortisseur arrière Exciter 155,,,pce,,15000,,10,"<p>Amortisseur arrière compatible Yamaha Exciter 155, conçu pour absorber efficacement les chocs et garantir une conduite stable et confortable sur tous types de routes.</p>",1,Suspension,SR
Pompe à eau Exciter 150,,,pce,,20000,,10,"<p>Pompe à eau complète pour Yamaha Exciter 150, conçue pour assurer une circulation optimale du liquide de refroidissement et protéger efficacement le moteur contre la surchauffe.</p>",1,Refroidissement,SR
Pompe à eau F-150,,,pce,,17000,,10,"<p>Pompe à eau complète pour moteur F-150, assurant une circulation efficace du liquide de refroidissement et une protection optimale contre la surchauffe.</p>",1,Refroidissement,SR
Pompe à eau Scooter R-C,,,pce,,21000,,10,"<p>Pompe à eau complète pour scooter R-C, conçue pour garantir un refroidissement optimal du moteur et éviter toute surchauffe.</p>",1,Refroidissement,SR
Pompe à eau Yamaha Exciter 135,,,pce,,17500,,10,"<p>Pompe à eau complète pour Yamaha Exciter 135, conçue pour assurer un refroidissement efficace du moteur et prévenir toute surchauffe.</p>",1,Refroidissement,Yamaha
Pompe à eau Yamaha Exciter 155,,,pce,,17500,,10,"<p>Pompe à eau complète pour Yamaha Exciter 155, conçue pour assurer une circulation efficace du liquide de refroidissement et protéger le moteur contre la surchauffe.</p>",1,Refroidissement,Yamaha
Pompe à eau Yamaha Exciter 155 New,,,pce,,17500,,10,"<p>Pompe à eau complète pour Yamaha Exciter 155 nouvelle génération, assurant une circulation optimale du liquide de refroidissement et une protection efficace contre la surchauffe.</p>",1,Refroidissement,SR
Pompe à eau Air Blade New,,,pce,,22000,,10,"<p>Pompe à eau complète pour Honda Air Blade nouvelle génération, assurant un refroidissement efficace et stable du moteur.</p>",1,Refroidissement,SR
Pompe à eau Scooter 155 Ancien Modèle,,,pce,,17000,,10,"<p>Pompe à eau complète pour scooter 155cc ancien modèle, conçue pour assurer une circulation optimale du liquide de refroidissement et éviter toute surchauffe moteur.</p>",1,Refroidissement,SR
Pompe à eau Scooter 155 New,,,pce,,17000,,10,"<p>Pompe à eau complète pour scooter 155cc nouvelle génération, assurant une circulation efficace du liquide de refroidissement et une protection optimale du moteur.</p>",1,Refroidissement,SR
Pompe à eau Honda Air Blade (ancien modèle),,,pce,,17000,,10,"<p>Pompe à eau complète pour Honda Air Blade ancien modèle, assurant une circulation optimale du liquide de refroidissement et une protection efficace du moteur contre la surchauffe.</p>",1,Refroidissement,SR
Cylindre MX 150 – Haute Performance,,,pce,,16000,,10,"<p>Cylindre moteur 150cc compatible MX 150, conçu pour restaurer la compression et améliorer la puissance du moteur.</p>",1,Moteur et Moto,SR
Cylindre 115 FINN / SIRIUS – Haute Compression,,,pce,,14000,,10,"<p>Cylindre moteur 115cc compatible Yamaha FINN et SIRIUS, conçu pour restaurer la puissance et améliorer la performance du moteur.</p>",1,Moteur et Moto,SR
Cylindre 115 Sirius Nano – Haute Performance,,,pce,,12000,,10,"<p>Cylindre moteur 115cc compatible Yamaha Sirius Nano, conçu pour restaurer la compression et améliorer la puissance du moteur.</p>",1,Moteur et Moto,SR
Cylindre Honda Blade 160cc – Haute Performance,,,pce,,20000,,10,"<p>Cylindre 160cc robuste pour Honda Blade, conçu pour améliorer la puissance, la compression et la performance du moteur.</p>",1,Moteur et Moto,SR
Huile Moteur Moto 4T 20W-50 API SJ – 1L (SR Motorcycle Oil),,,pce,,3000,,10,"<p>Huile moteur 4 temps entièrement synthétique 20W-50, idéale pour protéger votre moto contre l’usure et la chaleur intense.</p>",1,Huiles &amp; Lubrifiants,SR
Huile Moteur Moto 4T 20W-50 API SJ – 1L (Motoricjle),,,pce,,3000,,10,"<p>Huile moteur 4 temps 20W-50 haute résistance, idéale pour protéger votre moteur contre l’usure et la chaleur.</p>",1,Huiles &amp; Lubrifiants,SR
Huile Moteur Moto 4T 20W-50 – 1L (JASO MA / API SJ),,,pce,,3000,,10,"<p>Huile moteur 4 temps 20W-50 haute performance pour motos, protection optimale contre l’usure et les fortes températures.</p>",1,Huiles &amp; Lubrifiants,SR
Disque Embrayage 115 Fine,,,pce,,4000,,10,<p>Disque d’embrayage 115 Fine haute qualité pour une transmission fluide et une meilleure longévité moteur.</p>,1,Embrayage,SR
Disque Embrayage Sirius,,,pce,,4000,,10,<p>Disque d’embrayage Sirius haute résistance pour transmission fluide et performance durable.</p>,1,Embrayage,SR
Disque Embrayage Honda Blade 110,,,pce,,4000,,10,<p>Disque d’embrayage Honda Blade 110 haute résistance pour transmission fluide et durable.</p>,1,Embrayage,SR
Disque Embrayage 115 Sirius New,,,pce,,4000,,10,<p>Disque d’embrayage 115 Sirius New haute résistance pour transmission fluide et performance durable.</p>,1,Embrayage,SR
Linteau Complet 115 Sirius New,,,pce,,9000,,10,<p>Linteau d’embrayage complet 115 Sirius New pour transmission fluide et performance durable.</p>,1,Embrayage,SR
Linteau Complet 150 King,,,pce,,8000,,10,<p>Linteau d’embrayage complet 150 King pour transmission puissante et engagement précis.</p>,1,Embrayage,SR
Linteau Complet Honda Winner 150,,,pce,,9000,,10,<p>Linteau d’embrayage complet Honda Winner 150 pour transmission puissante et engagement précis.</p>,1,Embrayage,SR
ourroie + Galets Soul GT Mio 125  ✏️ Brève description :  Kit courroie et galets Soul GT / Mio 125 pour transmission CVT fluide et accélération optimale.  📦 Description :  Ce kit courroie + galets SR Motorcycle est conçu,,,pce,,7000,,10,<p>Kit courroie et galets Soul GT / Mio 125 pour transmission CVT fluide et accélération optimale.</p>,1,Transmission,SR
Courroie + Galets Air Blade 125,,,pce,,7000,,10,<p>Kit courroie et galets Air Blade 125 pour transmission CVT performante et accélération fluide.</p>,1,Transmission,SR
Courroie + Galets RC-SK,,,pce,,7000,,10,<p>Kit courroie et galets RC-SK pour transmission CVT fluide et performance améliorée.</p>,1,Transmission,SR
Courroie + Galets Aerox 155,,,pce,,7000,,10,<p>Kit courroie et galets Aerox 155 pour transmission fluide et performance optimale.</p>,1,Transmission,
Linteau Complet 115 Sirius,,,pce,,9000,,10,<p>Linteau d’embrayage complet 115 Sirius pour transmission fluide et performance renforcée.</p>,1,Embrayage,SR
Linteau Complet 150 King,,,pce,,8000,,10,<p>Linteau d’embrayage complet 150 King pour transmission puissante et performance durable.</p>,1,Embrayage,SR
Linteau Complet Honda Winner,,,pce,,9000,,10,<p>Linteau d’embrayage complet Honda Winner pour transmission fluide et performance optimale.</p>,1,Embrayage,SR
Roulement Carter Honda Winner,,,pce,,7000,,10,<p>Roulement de carter haute précision compatible Honda Winner pour performance moteur optimale.</p>,1,Moteur et Moto,SR
Roulement Carter Aerox 155,,,pce,,6000,,10,<p>Roulement de carter haute précision compatible Aerox 155 pour performance et longévité moteur.</p>,1,Moteur et Moto,SR
Roulement Carter Suzuki F150,,,pce,,7000,,10,<p>Roulement de carter haute précision compatible Suzuki F150 pour un moteur plus fluide et durable.</p>,1,Moteur et Moto,SR
Roulement Carter 115/135/150,,,pce,,6000,,10,"<p>Roulement de carter haute résistance compatible 115, LC135, LC150 Vegas pour performance moteur optimale.</p>",1,Moteur et Moto,SR
Radiateur Air Blade (Nouveau),,,pce,,17500,,10,<p>Radiateur scooter Air Blade nouveau modèle pour un refroidissement performant et durable.</p>,1,Refroidissement,SR
Radiateur Air Blade (Ancien),,,pce,,16000,,10,<p>Radiateur scooter Air Blade ancien modèle pour un refroidissement efficace et durable du moteur.</p>,1,Refroidissement,SR
Radiateur Exciter 155,,,pce,,20000,,10,<p>Radiateur Yamaha Exciter 155 robuste pour un refroidissement efficace et une protection moteur optimale.</p>,1,Refroidissement,SR
Radiateur 150,,,pce,,16000,,10,<p>Radiateur moto 150 haute qualité pour un refroidissement efficace et une protection moteur durable.</p>,1,Refroidissement,SR
Radiateur Scooter 155,,,pce,,17500,,10,<p>Radiateur scooter 155 robuste pour un refroidissement optimal et une meilleure protection du moteur.</p>,1,Refroidissement,SR
Radiateur Scooter R-C,,,pce,,17500,,10,<p>Radiateur scooter R-C haute performance pour un refroidissement rapide et une protection moteur optimale.</p>,1,Refroidissement,SR
Radiateur 135,,,pce,,16000,,10,<p>Radiateur moto 135 haute résistance pour un refroidissement rapide et efficace du moteur.</p>,1,Refroidissement,SR
Radiateur F-150,,,pce,,17500,,10,<p>Radiateur moto F-150 haute qualité pour un refroidissement efficace et une protection optimale du moteur.</p>,1,Refroidissement,SR
Radiateur Winnier X,,,pce,,17500,,10,"<p>Radiateur moto haute performance pour Winnier X, conçu pour un refroidissement efficace et durable du moteur.</p>",1,Refroidissement,SR
Porte-clé Yamaha Strass Luxe,,,pce,,7000,,10,"<p>Porte-clé Yamaha brillant avec pendentif décoratif en strass, élégant et tendance.</p>",1,Accesssoires,Yamaha
Housse Clé Yamaha Premium,,,pce,,7000,,10,"<p>Protection élégante en métal pour clé moto Yamaha, résistante aux chocs et aux rayures.</p>",1,Accesssoires,Yamaha
Porte-clé Premium Honda avec Housse de Protection en Cuir,,,pce,,7000,,10,"<p>Porte-clé élégant Honda en métal et cuir, conçu pour protéger votre clé moto contre la poussière, les chocs et les rayures.</p>",1,Accesssoires,HONDA
Injecteur carburant moto SRM – Yamaha Exciter 155,,,pce,,7000,,10,"<p>Injecteur haute performance pour Yamaha Exciter 155, assurant une injection précise du carburant, un démarrage rapide et une performance moteur optimale.</p>",1,Injection,SR
Injecteur carburant moto SRM – LC 150 King,,,pce,,7000,,10,"<p>Injecteur haute précision pour Yamaha LC 150 King, garantissant une injection efficace du carburant, un démarrage rapide et des performances moteur constantes.</p>",1,Injection,SR
Injecteur carburant moto SRM – Suzuki Raider / F150,,,pce,,8000,,10,"<p>Injecteur de carburant haute performance pour Suzuki Raider F150, offrant une injection précise, une combustion optimale et une meilleure réactivité du moteur.</p>",1,Injection,SR
Injecteur carburant moto SRM – Honda Winner,,,pce,,7000,,10,"<p>Injecteur haute précision pour Honda Winner, garantissant une injection efficace du carburant, un démarrage fiable et des performances moteur optimales.</p>",1,Injection,SR
Injecteur carburant moto SRM – Yamaha Air Blade 125,,,pce,,7000,,10,"<p>Injecteur haute performance pour Yamaha Air Blade 125, assurant une injection précise, un démarrage rapide et un fonctionnement moteur stable</p>",1,Injection,SR
Injecteur carburant moto SRM – Yamaha Aerox 155,,,pce,,7000,,10,"<p>Injecteur haute précision pour Yamaha Aerox 155, assurant une injection optimale du carburant, un démarrage fiable et une performance moteur stable.</p>",1,Injection,SR
Injecteur de carburant moto SR – LC 135,,,pce,,7000.00,,10,<p>Cet injecteur de carburant SR Motorcycle pour LC 135 assure une injection précise et régulière du carburant afin d’améliorer les performances du moteur et réduire la consommation.</p>,1,Injection,SR
